epoch,loss,lr
0.0,10.966217041015625,0.001
0.006802721088435374,10.966217041015625,0.001
0.013605442176870748,10.911213684082032,0.001
0.02040816326530612,10.819392547607423,0.001
0.027210884353741496,10.689068786621094,0.001
0.03401360544217687,10.538339178466796,0.001
0.04081632653061224,10.370725312499998,0.001
0.047619047619047616,10.195088369384763,0.001
0.05442176870748299,10.016980297961423,0.001
0.061224489795918366,9.839077831525266,0.001
0.06802721088435373,9.668985588508573,0.001
0.07482993197278912,9.506432076295058,0.001
0.08163265306122448,9.330829329291827,0.001
0.08843537414965986,9.178650579502039,0.001
0.09523809523809523,9.02967631773885,0.001
0.10204081632653061,8.891388111898294,0.001
0.10884353741496598,8.75994126489713,0.001
0.11564625850340135,8.650142062370046,0.001
0.12244897959183673,8.527938838035722,0.001
0.1292517006802721,8.411938948898827,0.001
0.13605442176870747,8.300466661945828,0.001
0.14285714285714285,8.20641348265713,0.001
0.14965986394557823,8.111825382987163,0.001
0.1564625850340136,8.020692770148841,0.001
0.16326530612244897,7.971939702075969,0.001
0.17006802721088435,7.924404251853762,0.001
0.17687074829931973,7.867518622543543,0.001
0.18367346938775508,7.812397095484359,0.001
0.19047619047619047,7.7560632628964195,0.001
0.19727891156462585,7.693402721745617,0.001
0.20408163265306123,7.616467623461986,0.001
0.21088435374149658,7.549522540094673,0.001
0.21768707482993196,7.486899842884251,0.001
0.22448979591836735,7.419077553910814,0.001
0.2312925170068027,7.347176343833071,0.001
0.23809523809523808,7.271685116591978,0.001
0.24489795918367346,7.194398444342395,0.001
0.25170068027210885,7.133106199279816,0.001
0.2585034013605442,7.073035972323638,0.001
0.2653061224489796,7.006999639825314,0.001
0.27210884353741494,6.960300776112552,0.001
0.2789115646258503,6.92301290443644,0.001
0.2857142857142857,6.876838321989276,0.001
0.2925170068027211,6.822064723303142,0.001
0.29931972789115646,6.768869016015243,0.001
0.30612244897959184,6.740772311659183,0.001
0.3129251700680272,6.7020726338356225,0.001
0.31972789115646255,6.670941866294842,0.001
0.32653061224489793,6.656468736145383,0.001
0.3333333333333333,6.635759585760843,0.001
0.3401360544217687,6.61736763117678,0.001
0.3469387755102041,6.595089852492697,0.001
0.35374149659863946,6.5701291468706255,0.001
0.36054421768707484,6.548444822591364,0.001
0.36734693877551017,6.512050222758182,0.001
0.37414965986394555,6.478706761035861,0.001
0.38095238095238093,6.457630848528806,0.001
0.3877551020408163,6.432503474612803,0.001
0.3945578231292517,6.396708846307577,0.001
0.4013605442176871,6.363657480682872,0.001
0.40816326530612246,6.327297955647752,0.001
0.4149659863945578,6.28206757744239,0.001
0.42176870748299317,6.234222223739644,0.001
0.42857142857142855,6.1622572063026615,0.001
0.43537414965986393,6.12901745961973,0.001
0.4421768707482993,6.106879383231456,0.001
0.4489795918367347,6.105874822944394,0.001
0.4557823129251701,6.110765179087213,0.001
0.4625850340136054,6.102185271268106,0.001
0.4693877551020408,6.103726646285023,0.001
0.47619047619047616,6.090834220182624,0.001
0.48299319727891155,6.066010192965607,0.001
0.4897959183673469,6.075906556982182,0.001
0.4965986394557823,6.054664496612015,0.001
0.5034013605442177,6.036098847617596,0.001
0.5102040816326531,6.021995750405783,0.001
0.5170068027210885,6.017131381205195,0.001
0.5238095238095238,6.001057317180336,0.001
0.5306122448979592,5.969401734875396,0.001
0.5374149659863945,5.928332327719943,0.001
0.5442176870748299,5.897405003478721,0.001
0.5510204081632653,5.867411858064002,0.001
0.5578231292517006,5.848421257645848,0.001
0.564625850340136,5.843339572166815,0.001
0.5714285714285714,5.8230116400367455,0.001
0.5782312925170068,5.804203739919673,0.001
0.5850340136054422,5.783684066534529,0.001
0.5918367346938775,5.756107986987099,0.001
0.5986394557823129,5.742158464560352,0.001
0.6054421768707483,5.7336106075554785,0.001
0.6122448979591837,5.730877735716523,0.001
0.6190476190476191,5.704772505737642,0.001
0.6258503401360545,5.700210316875015,0.001
0.6326530612244897,5.687272926870498,0.001
0.6394557823129251,5.658336450326777,0.001
0.6462585034013605,5.609540855074843,0.001
0.6530612244897959,5.611266151493464,0.001
0.6598639455782312,5.595820894494047,0.001
0.6666666666666666,5.579136458160153,0.001
0.673469387755102,5.554145656789926,0.001
0.6802721088435374,5.529637426761099,0.001
0.6870748299319728,5.511718144114755,0.001
0.6938775510204082,5.502648636292562,0.001
0.7006802721088435,5.458755761744169,0.001
0.7074829931972789,5.4514289069607935,0.001
0.7142857142857143,5.481938187282614,0.001
0.7210884353741497,5.510155535540248,0.001
0.727891156462585,5.539653929036063,0.001
0.7346938775510203,5.552344179514191,0.001
0.7414965986394557,5.559892208918913,0.001
0.7482993197278911,5.560747176376714,0.001
0.7551020408163265,5.568660359054155,0.001
0.7619047619047619,5.575964664862433,0.001
0.7687074829931972,5.596146858407641,0.001
0.7755102040816326,5.628690217773025,0.001
0.782312925170068,5.642459106542577,0.001
0.7891156462585034,5.663243761155024,0.001
0.7959183673469388,5.666298428146406,0.001
0.8027210884353742,5.661432231485789,0.001
0.8095238095238095,5.668450465568848,0.001
0.8163265306122449,5.669631490340333,0.001
0.8231292517006802,5.659226044782971,0.001
0.8299319727891156,5.66963224761737,0.001
0.836734693877551,5.664986027234792,0.001
0.8435374149659863,5.6605623427096,0.001
0.8503401360544217,5.662147691836937,0.001
0.8571428571428571,5.668821973047091,0.001
0.8639455782312925,5.670190225362144,0.001
0.8707482993197279,5.66350192209422,0.001
0.8775510204081632,5.644663292778755,0.001
0.8843537414965986,5.639051708263718,0.001
0.891156462585034,5.632027883379097,0.001
0.8979591836734694,5.638106924390805,0.001
0.9047619047619048,5.655411172897828,0.001
0.9115646258503401,5.65079648945893,0.001
0.9183673469387755,5.659022761101095,0.001
0.9251700680272108,5.649885657508015,0.001
0.9319727891156462,5.654652383848923,0.001
0.9387755102040816,5.647831048149519,0.001
0.945578231292517,5.63473657101365,0.001
0.9523809523809523,5.618622978165482,0.001
0.9591836734693877,5.602756259494025,0.001
0.9659863945578231,5.587279639413305,0.001
0.9727891156462585,5.592875235956739,0.001
0.9795918367346939,5.589378410575527,0.001
0.9863945578231292,5.597876838145506,0.001
0.9931972789115646,5.602574098838328,0.001
1.0,5.596691371298145,0.001
