method,lr,final_loss
muon-PolarExp,0.001,3.9223648386510983
muon-PolarExp,0.005,3.590911537742487
muon-PolarExp,0.01,3.602233526137694
adamw,0.0001,4.5716972314855
adamw,0.0002,4.240209619576642
adamw,0.0005,4.18993981446543
adamw,0.001,4.2026301496767395
adamw,0.002,5.980669981829419
adamw,0.005,6.7879276274938505
muon-MachPolar172,0.001,3.899362611485432
muon-MachPolar172,0.005,3.6004102499906554
muon-MachPolar172,0.01,3.619434734138757
muon-Jordan,0.001,3.950758317221499
muon-Jordan,0.005,3.606011774368397
muon-Jordan,0.01,3.6080799822634373
muon-MachPolar23,0.001,3.8835535674021315
muon-MachPolar23,0.005,3.5849127785337718
muon-MachPolar23,0.01,3.592050153508402
